項目名,解説
概要,"ゲームの進行は、自分の”ターン”と相手の”ターン”を交互に繰り返す。
各ターンは、フェイズとステップに別れている。
エンドステップの次は、相手のターンのスタートフェイズとなる。
活性状態のカードは縦向きに置き、疲労状態のカードは横向きに置く。
結晶を置くことができるのは原則１ターンに一度まで。
結晶は、手札からカード１枚を上下逆さまにして結晶ゾーンに置くことで、それを結晶として扱う。
各プレイヤーは、スタートフェイズを除いてすべてのタイミングでフラッシュを発動したり能力を発動したりできる。
すべてのフェイズは必ず行う。
それぞれのフェイズでターンプレイヤーはフェイズの移行を宣言する。"
①スタートフェイズ,"スタートフェイズでは、いかなるプレイヤーもカードを召喚・発動したり、起動能力を起動したりできない。
・スタートステップ
　「ターンの開始時まで～」の効果が終わる。
　その後、「ターンの開始時～」の処理を行う。
※ターンの開始時にあなたのコントロール下になかったユニットは、次の相手のターンが終わるまで、攻撃できず、起動コストに疲労コストを含む起動能力も起動できない（召喚酔い）。
・活性化ステップ
　あなたの疲労状態のカードをすべて活性状態にする。
　ゲームの１番最初は何もカードが置かれていないので、ステップはスキップされる。"
②スタンバイフェイズ,"・ドローステップ
　自分のデッキから１枚引く。
　※ただし、先手の１ターン目のみ、ドローステップでドローをできない。"
③メインフェイズ１,"１回目のメインフェイズ。戦闘前メインフェイズ。
メインフェイズでは１ターンに１枚まで結晶を置いてもよい。
結晶を置けるのは２回のメインフェイズを通して１枚のみ。
結晶は置かなくても良い。
結晶ゾーンにある結晶を疲労させることでコアコストを生み出すことができる。
コアコストを支払うことで、あなたの手札から望む数のカードを召喚・発動したり、カードの効果を発動したりできる。
ユニットをバトルゾーンに置く事を「召喚」と言う。"
④バトルフェイズ,"・バトルステップ
　「バトルフェイズの開始時まで～」と書かれているカードの効果が終わる。
　その後、「バトルフェイズの開始時～」と書かれているカードの処理を行う。
・攻撃宣言ステップ
　活性状態のユニットで対戦相手１人を対象として攻撃できる。
　攻撃宣言ステップは１ターンに１度まで。
　攻撃宣言をしたユニットは疲労状態になる。
・防御宣言ステップ
　攻撃を受けたプレイヤーは活性状態のユニットで攻撃を防御できる（防御ユニット）。
　※防御時にはユニットは疲労しない。
　１体以上の防御ユニットで１体の攻撃ユニットを防御する事ができる。
　１体の防御ユニットで２体以上の攻撃ユニットを防御する事はできない。
・ダメージステップ
　ダメージステップの開始に際し、ターンプレイヤーは攻撃ユニットがどのように戦闘ダメージを割り振るかを宣言し、続いて防御プレイヤーは防御がどのように戦闘ダメージを割り振るかを宣言する。
　戦闘ダメージの割り振りが完了した後、それらの戦闘ダメージはすべて同時に与えられる。
※戦闘ダメージの割り振り
　各攻撃ユニットと防御ユニットは、自身のＡＴＫに等しい値の戦闘ダメージを割り振る。
　ＡＴＫが０以下であるユニットは、戦闘ダメージを割り振らない。
　防御されていない攻撃ユニットは、攻撃している先のプレイヤーに戦闘ダメージを割り振る。
　攻撃先が（それ以前に敗北するなどして）いなくなっていた場合は何にも割り振らない。
　防御された攻撃ユニットは、それを防御している防御ユニットに戦闘ダメージを割り振る。以下の3つの状況が考えられる。
　　１．防御ユニットが（それ以前に除去されるなどして）存在しない場合、それは戦闘ダメージを割り振らない。
　　２．防御ユニットが１体だけの場合、そのユニットに戦闘ダメージをすべて割り振る。ただし、攻撃ユニットが貫通を持つ場合は後述の貫通の規定に従う。
　　３．防御ユニットが２体以上存在する場合、攻撃ユニットのコントローラーが望むとおりに戦闘ダメージを割り振る。
　防御ユニットは、それが防御している攻撃ユニットに戦闘ダメージを割り振る。こちらも攻撃ユニットの割り振り方と同様に割り振る。
　貫通を持つ攻撃ユニットのコントローラーは、まずそれを防御したユニットに戦闘ダメージを割り振る。
　それらの防御ユニットすべてに、それぞれＨＰを０以下にする戦闘ダメージが割り振られた場合、攻撃ユニットのコントローラーは、余剰の戦闘ダメージを防御ユニットと攻撃先プレイヤーに望むように割り振ることができる。
　攻撃ユニットのコントローラーは、防御ユニットすべてにＨＰを０以下にする戦闘ダメージを割り振る必要はない。ただし、その場合には攻撃先プレイヤーへ戦闘ダメージを割り振ることはできない。
　この条件は触死によって軽減されない。触死は、実際に１以上のダメージを与えたユニットを、そのダメージが与えられた後の状況起因処理で破壊する能力であり、戦闘ダメージの割り振り時に必要なダメージ量を変更しない。
　なお、攻撃ユニットや防御ユニットが疲労していても戦闘ダメージは通常通り与える。疲労させることで戦闘ダメージが軽減されることはない。
・バトル終了ステップ
　「バトルフェイズの終了時～」と書かれているカードの処理を行う。
　その後、「バトルフェイズの終了時まで～」と書かれているカードの効果が終わる。"
⑤メインフェイズ２,"2回目のメインフェイズ。戦闘後メインフェイズ。
戦闘前メインフェイズと同じ。"
⑥エンドフェイズ,"・リフレッシュステップ
　あなたの手札が８枚以上ある場合、７枚になるように余分なカードを墓地に捨てなければならない。
　その後、ユニットに与えられたすべてのダメージは取り除かれる。
　その後、コア・プールにある使われなかったコアは失われる。
・エンドステップ
　「ターンの終了時～」の処理を行う。
　その後、「ターン終了時まで～」と「このターン～」の効果が終わる。"